row_number,item_id_raw,name_raw,qty_unit_raw,copper_value_raw,fta_sub_category,action,skip_reason,item_id,display_name,qty_unit,qty_numeric,unit_is_liters,copper_sovereign_value,notes
1,"Labor-intensive crafts, tools, armor, weapons, cooked goods, jewelry. Tools equal to ingot component when applicable. The Guild does not care for your stone tools. Weapons equal to ingot component when applicable.",,,,,skip,non_data_row,,,,,,,
2,ITEM ID,Armor,FULL SET,Copper Sovereign Value,Armor,skip,non_data_row,,,,,,,
3,ARTISAN GOOD PRICE IS MATERIAL + LABOR (20%) SUUBJECT TO MERCHANT DISCRETION.,,,,Armor,skip,non_data_row,,,,,,,
4,,,,,Armor,skip,non_data_row,,,,,,,
5,ITEM ID,Anvils,Qty. Unit,Copper Sovereign Value,Anvils,skip,non_data_row,,,,,,,
6,AR177,Copper,1.0,36.0,Anvils,parse,,AR177,Copper,1,1,False,36.0,
7,AR178,All bronze variants,1.0,40.0,Anvils,parse,,AR178,All bronze variants,1,1,False,40.0,
8,AR179,Iron,1.0,100.0,Anvils,parse,,AR179,Iron,1,1,False,100.0,
9,AR180,Meteoric,1.0,350.0,Anvils,parse,,AR180,Meteoric,1,1,False,350.0,
10,AR181,Steel,1.0,0.0,Anvils,skip,blank_dash_or_zero_price,AR181,Steel,1,1,False,,
11,,,,,Anvils,skip,non_data_row,,,,,,,
12,ITEM ID,Toolrod Tools,Qty. Unit,Copper Sovereign Value,Toolrod Tools,skip,non_data_row,,,,,,,
13,AR182,Copper,1.0,ARTISAN GOOD PRICE IS MATERIAL + LABOR (20%) SUUBJECT TO MERCHANT DISCRETION.,Toolrod Tools,parse,,AR182,Copper,1,1,False,,ARTISAN GOOD PRICE IS MATERIAL + LABOR (20%) SUUBJECT TO MERCHANT DISCRETION.
14,AR183,All bronze variants,1.0,,Toolrod Tools,skip,blank_dash_or_zero_price,AR183,All bronze variants,1,1,False,,
15,AR184,Iron,1.0,,Toolrod Tools,skip,blank_dash_or_zero_price,AR184,Iron,1,1,False,,
16,AR185,Silver,1.0,,Toolrod Tools,skip,blank_dash_or_zero_price,AR185,Silver,1,1,False,,
17,AR186,Gold,1.0,,Toolrod Tools,skip,blank_dash_or_zero_price,AR186,Gold,1,1,False,,
18,AR187,Meteoric,1.0,,Toolrod Tools,skip,blank_dash_or_zero_price,AR187,Meteoric,1,1,False,,
19,AR188,Steel,1.0,,Toolrod Tools,skip,blank_dash_or_zero_price,AR188,Steel,1,1,False,,
20,,,,,Toolrod Tools,skip,non_data_row,,,,,,,
21,ITEM ID,Weapons,Qty. Unit,Copper Sovereign Value,Weapons,skip,non_data_row,,,,,,,
22,,COPPER,,,COPPER,skip,non_data_row,,,,,,,
23,AR199,Arrows / Bolts,64.0,15.0,COPPER,parse,,AR199,Arrows / Bolts,64,64,False,15.0,
24,AR200,Falx,1.0,,COPPER,skip,blank_dash_or_zero_price,AR200,Falx,1,1,False,,
25,AR201,Spear,1.0,,COPPER,skip,blank_dash_or_zero_price,AR201,Spear,1,1,False,,
26,AR202,Sword,1.0,,COPPER,skip,blank_dash_or_zero_price,AR202,Sword,1,1,False,,
27,AR203,Shields,1.0,,COPPER,skip,blank_dash_or_zero_price,AR203,Shields,1,1,False,,
28,,BRONZE,,,BRONZE,skip,non_data_row,,,,,,,
29,AR204,Arrows / Bolts,64.0,35.0,BRONZE,parse,,AR204,Arrows / Bolts,64,64,False,35.0,
30,AR205,Falx,1.0,,BRONZE,skip,blank_dash_or_zero_price,AR205,Falx,1,1,False,,
31,AR206,Spear,1.0,,BRONZE,skip,blank_dash_or_zero_price,AR206,Spear,1,1,False,,
32,AR207,Sword,1.0,,BRONZE,skip,blank_dash_or_zero_price,AR207,Sword,1,1,False,,
33,AR208,Shield,1.0,,BRONZE,skip,blank_dash_or_zero_price,AR208,Shield,1,1,False,,
34,,IRON,,,IRON,skip,non_data_row,,,,,,,
35,AR209,Arrows / Bolts,64.0,56.0,IRON,parse,,AR209,Arrows / Bolts,64,64,False,56.0,
36,AR210,Falx,1.0,,IRON,skip,blank_dash_or_zero_price,AR210,Falx,1,1,False,,
37,AR211,Spear,1.0,,IRON,skip,blank_dash_or_zero_price,AR211,Spear,1,1,False,,
38,AR212,Sword,1.0,,IRON,skip,blank_dash_or_zero_price,AR212,Sword,1,1,False,,
39,AR213,Shield,1.0,,IRON,skip,blank_dash_or_zero_price,AR213,Shield,1,1,False,,
40,,STEEL,,,STEEL,skip,non_data_row,,,,,,,
41,AR214,Arrows / Bolts,64.0,0.0,STEEL,skip,blank_dash_or_zero_price,AR214,Arrows / Bolts,64,64,False,,
42,AR215,Falx,1.0,0.0,STEEL,skip,blank_dash_or_zero_price,AR215,Falx,1,1,False,,
43,AR216,Spear,1.0,0.0,STEEL,skip,blank_dash_or_zero_price,AR216,Spear,1,1,False,,
44,AR217,Sword,1.0,0.0,STEEL,skip,blank_dash_or_zero_price,AR217,Sword,1,1,False,,
45,AR218,Shield,1.0,0.0,STEEL,skip,blank_dash_or_zero_price,AR218,Shield,1,1,False,,
46,,METEORIC IRON,,,METEORIC IRON,skip,non_data_row,,,,,,,
47,AR219,Arrows / Bolts,64.0,250.0,METEORIC IRON,parse,,AR219,Arrows / Bolts,64,64,False,250.0,
48,AR220,Falx,1.0,,METEORIC IRON,skip,blank_dash_or_zero_price,AR220,Falx,1,1,False,,
49,AR221,Spear,1.0,,METEORIC IRON,skip,blank_dash_or_zero_price,AR221,Spear,1,1,False,,
50,AR222,Sword,1.0,,METEORIC IRON,skip,blank_dash_or_zero_price,AR222,Sword,1,1,False,,
51,AR223,Shield,1.0,,METEORIC IRON,skip,blank_dash_or_zero_price,AR223,Shield,1,1,False,,
52,,SILVER,,,SILVER,skip,non_data_row,,,,,,,
53,AR224,Arrows / Bolts,64.0,150.0,SILVER,parse,,AR224,Arrows / Bolts,64,64,False,150.0,
54,AR225,Falx,1.0,,SILVER,skip,blank_dash_or_zero_price,AR225,Falx,1,1,False,,
55,AR226,Spear,1.0,,SILVER,skip,blank_dash_or_zero_price,AR226,Spear,1,1,False,,
56,AR227,Sword,1.0,,SILVER,skip,blank_dash_or_zero_price,AR227,Sword,1,1,False,,
57,AR228,Shield,1.0,,SILVER,skip,blank_dash_or_zero_price,AR228,Shield,1,1,False,,
58,,GOLD,,,GOLD,skip,non_data_row,,,,,,,
59,AR229,Arrows / Bolts,64.0,250.0,GOLD,parse,,AR229,Arrows / Bolts,64,64,False,250.0,
60,AR230,Falx,1.0,,GOLD,skip,blank_dash_or_zero_price,AR230,Falx,1,1,False,,
61,AR231,Spear,1.0,,GOLD,skip,blank_dash_or_zero_price,AR231,Spear,1,1,False,,
62,AR232,Sword,1.0,,GOLD,skip,blank_dash_or_zero_price,AR232,Sword,1,1,False,,
63,AR233,Shield,1.0,,GOLD,skip,blank_dash_or_zero_price,AR233,Shield,1,1,False,,
64,,RANGED,,,RANGED,skip,non_data_row,,,,,,,
65,AR234,Crossbow,1.0,85.0,RANGED,parse,,AR234,Crossbow,1,1,False,85.0,
66,AR235,Longbow,1.0,40.0,RANGED,parse,,AR235,Longbow,1,1,False,40.0,
67,AR236,Recurve Bow,1.0,40.0,RANGED,parse,,AR236,Recurve Bow,1,1,False,40.0,
68,,,,,RANGED,skip,non_data_row,,,,,,,
69,ITEM ID,Clothing,Qty. Unit,Copper Sovereign Value,Clothing,skip,non_data_row,,,,,,,
70,ARTISAN GOOD PRICE IS MATERIAL + LABOR (20%) SUBJECT TO MERCHANT DISCRETION.,,,,Clothing,skip,non_data_row,,,,,,,
71,,,,,Clothing,skip,non_data_row,,,,,,,
72,ITEM ID,Drugs & Medicinal,Qty. Unit,Copper Sovereign Value,Drugs & Medicinal,skip,non_data_row,,,,,,,
73,AR246,Pipeleaf Blend,1.0,10.0,Drugs & Medicinal,parse,,AR246,Pipeleaf Blend,1,1,False,10.0,
74,AR247,Flower Shag,32.0,15.0,Drugs & Medicinal,parse,,AR247,Flower Shag,32,32,False,15.0,
75,AR248,Horsetail Poultice,4.0,20.0,Drugs & Medicinal,parse,,AR248,Horsetail Poultice,4,4,False,20.0,
76,AR249,Honey Sulfur Poultice,4.0,35.0,Drugs & Medicinal,parse,,AR249,Honey Sulfur Poultice,4,4,False,35.0,
77,AR250,Honey Pepper Poultice,4.0,35.0,Drugs & Medicinal,parse,,AR250,Honey Pepper Poultice,4,4,False,35.0,
78,AR251,Ivy Vinegar Poultice,4.0,35.0,Drugs & Medicinal,parse,,AR251,Ivy Vinegar Poultice,4,4,False,35.0,
79,AR252,Resin Elder Poultice,4.0,35.0,Drugs & Medicinal,parse,,AR252,Resin Elder Poultice,4,4,False,35.0,
80,AR253,Falseorange Poultice,4.0,35.0,Drugs & Medicinal,parse,,AR253,Falseorange Poultice,4,4,False,35.0,
81,AR254,Snowberry Poultice,4.0,35.0,Drugs & Medicinal,parse,,AR254,Snowberry Poultice,4,4,False,35.0,
82,AR255,Byrony Poultice,4.0,35.0,Drugs & Medicinal,parse,,AR255,Byrony Poultice,4,4,False,35.0,
83,AR256,Baneberry Poultice,4.0,35.0,Drugs & Medicinal,parse,,AR256,Baneberry Poultice,4,4,False,35.0,
84,AR257,Bearberry Poultice,4.0,35.0,Drugs & Medicinal,parse,,AR257,Bearberry Poultice,4,4,False,35.0,
85,AR258,Smelling Salt,1.0,45.0,Drugs & Medicinal,parse,,AR258,Smelling Salt,1,1,False,45.0,
86,,,,,Drugs & Medicinal,skip,non_data_row,,,,,,,
87,ITEM ID,Transport,Qty. Unit,Copper Sovereign Value,Transport,skip,non_data_row,,,,,,,
88,AR194,Canoe (Was a boat),1.0,30.0,Transport,parse,,AR194,Canoe (Was a boat),1,1,False,30.0,
89,AR195,Wide Cart,1.0,120.0,Transport,parse,,AR195,Wide Cart,1,1,False,120.0,
90,AR196,Narrow Cart,1.0,80.0,Transport,parse,,AR196,Narrow Cart,1,1,False,80.0,
91,AR197,Saddle,1.0,45.0,Transport,parse,,AR197,Saddle,1,1,False,45.0,
92,AR198,Medallion,1.0,85.0,Transport,parse,,AR198,Medallion,1,1,False,85.0,
93,,,,,Transport,skip,non_data_row,,,,,,,
94,ITEM ID,Other,Qty. Unit,Copper Sovereign Value,Other,skip,non_data_row,,,,,,,
95,AR189,Ore Blasting Bomb,4.0,5.0,Other,parse,,AR189,Ore Blasting Bomb,4,4,False,5.0,
96,AR190,Stone Blasting Bomb,4.0,12.0,Other,parse,,AR190,Stone Blasting Bomb,4,4,False,12.0,
97,AR191,Scrap Bomb,4.0,12.0,Other,parse,,AR191,Scrap Bomb,4,4,False,12.0,
98,AR192,Rock Blasting Bomb,8.0,12.0,Other,parse,,AR192,Rock Blasting Bomb,8,8,False,12.0,
99,AR193,Fruitpress,1.0,5.0,Other,parse,,AR193,Fruitpress,1,1,False,5.0,
100,,,,,Other,skip,non_data_row,,,,,,,
101,ITEM ID,Crafting Goods,Qty. Unit,Copper Sovereign Value,Crafting Goods,skip,non_data_row,,,,,,,
102,AR161,Lanterns/Chandeleries/Torch Holders,1.0,10.0,Crafting Goods,parse,,AR161,Lanterns/Chandeleries/Torch Holders,1,1,False,10.0,
103,AR162,Leather,64.0,192.0,Crafting Goods,parse,,AR162,Leather,64,64,False,192.0,
104,AR163,Vessels (Pottery Unique),1.0,16.0,Crafting Goods,parse,,AR163,Vessels (Pottery Unique),1,1,False,16.0,
105,AR164,Armor Tailoring Kit,1.0,10.0,Crafting Goods,parse,,AR164,Armor Tailoring Kit,1,1,False,10.0,
106,AR165,Sewing Kit,1.0,6.0,Crafting Goods,parse,,AR165,Sewing Kit,1,1,False,6.0,
107,AR166,Glass,64.0,128.0,Crafting Goods,parse,,AR166,Glass,64,64,False,128.0,
108,AR167,Empty Book,1.0,8.0,Crafting Goods,parse,,AR167,Empty Book,1,1,False,8.0,
109,AR168,"Twine (Processed, not flax fibers) (NOT BUYING)",128.0,28.0,Crafting Goods,parse,,AR168,"Twine (Processed, not flax fibers) (NOT BUYING)",128,128,False,28.0,
110,AR169,Linen / Cloth,32.0,35.0,Crafting Goods,parse,,AR169,Linen / Cloth,32,32,False,35.0,
111,AR170,Regular Candles,32.0,6.0,Crafting Goods,parse,,AR170,Regular Candles,32,32,False,6.0,
112,AR171,"Regular Candles, Colored Flames",32.0,18.0,Crafting Goods,parse,,AR171,"Regular Candles, Colored Flames",32,32,False,18.0,
113,AR172,Dyed Candles,32.0,8.0,Crafting Goods,parse,,AR172,Dyed Candles,32,32,False,8.0,
114,AR173,"Dyed Candles, Colored Flames",32.0,26.0,Crafting Goods,parse,,AR173,"Dyed Candles, Colored Flames",32,32,False,26.0,
115,,Tier 1 Dyes,,,Tier 1 Dyes,skip,non_data_row,,,,,,,
116,AR174,"Yellow, Green, Gray",50L,15.0,Tier 1 Dyes,parse,,AR174,"Yellow, Green, Gray",50L,50,True,15.0,
117,,Tier 2 Dyes,,,Tier 2 Dyes,skip,non_data_row,,,,,,,
118,AR175,"Red, Blue, Orange, Purple, Pink, Black, Spindle Red, Woad Blue, Teal, Lime",50L,25.0,Tier 2 Dyes,parse,,AR175,"Red, Blue, Orange, Purple, Pink, Black, Spindle Red, Woad Blue, Teal, Lime",50L,50,True,25.0,
119,,Tier 3 Dyes,,,Tier 3 Dyes,skip,non_data_row,,,,,,,
120,AR176,"White, Brown, Mint, Sky Blue, Lavender",50L,40.0,Tier 3 Dyes,parse,,AR176,"White, Brown, Mint, Sky Blue, Lavender",50L,50,True,40.0,
121,AR259,Nails and Strips,1.0,1/4 ingot price,Tier 3 Dyes,parse,,AR259,Nails and Strips,1,1,False,,1/4 ingot price
122,,,,,Tier 3 Dyes,skip,non_data_row,,,,,,,
123,,,,,Tier 3 Dyes,skip,non_data_row,,,,,,,
124,,,,,Tier 3 Dyes,skip,non_data_row,,,,,,,
125,,,,,Tier 3 Dyes,skip,non_data_row,,,,,,,
126,,,,,Tier 3 Dyes,skip,non_data_row,,,,,,,
127,,,,,Tier 3 Dyes,skip,non_data_row,,,,,,,
128,,,,,Tier 3 Dyes,skip,non_data_row,,,,,,,
129,,,,,Tier 3 Dyes,skip,non_data_row,,,,,,,
130,,,,,Tier 3 Dyes,skip,non_data_row,,,,,,,
131,,,,,Tier 3 Dyes,skip,non_data_row,,,,,,,
132,,,,,Tier 3 Dyes,skip,non_data_row,,,,,,,
133,,,,,Tier 3 Dyes,skip,non_data_row,,,,,,,
134,,,,,Tier 3 Dyes,skip,non_data_row,,,,,,,
135,,,,,Tier 3 Dyes,skip,non_data_row,,,,,,,
136,,,,,Tier 3 Dyes,skip,non_data_row,,,,,,,
137,,,,,Tier 3 Dyes,skip,non_data_row,,,,,,,
138,,,,,Tier 3 Dyes,skip,non_data_row,,,,,,,
139,,,,,Tier 3 Dyes,skip,non_data_row,,,,,,,
140,,,,,Tier 3 Dyes,skip,non_data_row,,,,,,,
141,,,,,Tier 3 Dyes,skip,non_data_row,,,,,,,
142,,,,,Tier 3 Dyes,skip,non_data_row,,,,,,,
143,,,,,Tier 3 Dyes,skip,non_data_row,,,,,,,
144,,,,,Tier 3 Dyes,skip,non_data_row,,,,,,,
145,,,,,Tier 3 Dyes,skip,non_data_row,,,,,,,
146,,,,,Tier 3 Dyes,skip,non_data_row,,,,,,,
147,,,,,Tier 3 Dyes,skip,non_data_row,,,,,,,
148,,,,,Tier 3 Dyes,skip,non_data_row,,,,,,,
149,,,,,Tier 3 Dyes,skip,non_data_row,,,,,,,
150,,,,,Tier 3 Dyes,skip,non_data_row,,,,,,,
151,,,,,Tier 3 Dyes,skip,non_data_row,,,,,,,
152,,,,,Tier 3 Dyes,skip,non_data_row,,,,,,,
153,,,,,Tier 3 Dyes,skip,non_data_row,,,,,,,
154,,,,,Tier 3 Dyes,skip,non_data_row,,,,,,,
155,,,,,Tier 3 Dyes,skip,non_data_row,,,,,,,
156,,,,,Tier 3 Dyes,skip,non_data_row,,,,,,,
157,,,,,Tier 3 Dyes,skip,non_data_row,,,,,,,
158,,,,,Tier 3 Dyes,skip,non_data_row,,,,,,,
159,,,,,Tier 3 Dyes,skip,non_data_row,,,,,,,
160,,,,,Tier 3 Dyes,skip,non_data_row,,,,,,,
161,,,,,Tier 3 Dyes,skip,non_data_row,,,,,,,
162,,,,,Tier 3 Dyes,skip,non_data_row,,,,,,,
163,,,,,Tier 3 Dyes,skip,non_data_row,,,,,,,
164,,,,,Tier 3 Dyes,skip,non_data_row,,,,,,,
165,,,,,Tier 3 Dyes,skip,non_data_row,,,,,,,
166,,,,,Tier 3 Dyes,skip,non_data_row,,,,,,,
167,,,,,Tier 3 Dyes,skip,non_data_row,,,,,,,
168,,,,,Tier 3 Dyes,skip,non_data_row,,,,,,,
169,,,,,Tier 3 Dyes,skip,non_data_row,,,,,,,
170,,,,,Tier 3 Dyes,skip,non_data_row,,,,,,,
171,,,,,Tier 3 Dyes,skip,non_data_row,,,,,,,
172,,,,,Tier 3 Dyes,skip,non_data_row,,,,,,,
173,,,,,Tier 3 Dyes,skip,non_data_row,,,,,,,
174,,,,,Tier 3 Dyes,skip,non_data_row,,,,,,,
175,,,,,Tier 3 Dyes,skip,non_data_row,,,,,,,
176,,,,,Tier 3 Dyes,skip,non_data_row,,,,,,,
177,,,,,Tier 3 Dyes,skip,non_data_row,,,,,,,
178,,,,,Tier 3 Dyes,skip,non_data_row,,,,,,,
179,,,,,Tier 3 Dyes,skip,non_data_row,,,,,,,
180,,,,,Tier 3 Dyes,skip,non_data_row,,,,,,,
181,,,,,Tier 3 Dyes,skip,non_data_row,,,,,,,
182,,,,,Tier 3 Dyes,skip,non_data_row,,,,,,,
183,,,,,Tier 3 Dyes,skip,non_data_row,,,,,,,
184,,,,,Tier 3 Dyes,skip,non_data_row,,,,,,,
185,,,,,Tier 3 Dyes,skip,non_data_row,,,,,,,
186,,,,,Tier 3 Dyes,skip,non_data_row,,,,,,,
187,,,,,Tier 3 Dyes,skip,non_data_row,,,,,,,
188,,,,,Tier 3 Dyes,skip,non_data_row,,,,,,,
189,,,,,Tier 3 Dyes,skip,non_data_row,,,,,,,
190,,,,,Tier 3 Dyes,skip,non_data_row,,,,,,,
191,,,,,Tier 3 Dyes,skip,non_data_row,,,,,,,
192,,,,,Tier 3 Dyes,skip,non_data_row,,,,,,,
193,,,,,Tier 3 Dyes,skip,non_data_row,,,,,,,
194,,,,,Tier 3 Dyes,skip,non_data_row,,,,,,,
195,,,,,Tier 3 Dyes,skip,non_data_row,,,,,,,
196,,,,,Tier 3 Dyes,skip,non_data_row,,,,,,,
197,,,,,Tier 3 Dyes,skip,non_data_row,,,,,,,
198,,,,,Tier 3 Dyes,skip,non_data_row,,,,,,,
199,,,,,Tier 3 Dyes,skip,non_data_row,,,,,,,
200,,,,,Tier 3 Dyes,skip,non_data_row,,,,,,,
201,,,,,Tier 3 Dyes,skip,non_data_row,,,,,,,
202,,,,,Tier 3 Dyes,skip,non_data_row,,,,,,,
203,,,,,Tier 3 Dyes,skip,non_data_row,,,,,,,
204,,,,,Tier 3 Dyes,skip,non_data_row,,,,,,,
205,,,,,Tier 3 Dyes,skip,non_data_row,,,,,,,
206,,,,,Tier 3 Dyes,skip,non_data_row,,,,,,,
207,,,,,Tier 3 Dyes,skip,non_data_row,,,,,,,
208,,,,,Tier 3 Dyes,skip,non_data_row,,,,,,,
209,,,,,Tier 3 Dyes,skip,non_data_row,,,,,,,
210,,,,,Tier 3 Dyes,skip,non_data_row,,,,,,,
211,,,,,Tier 3 Dyes,skip,non_data_row,,,,,,,
212,,,,,Tier 3 Dyes,skip,non_data_row,,,,,,,
213,,,,,Tier 3 Dyes,skip,non_data_row,,,,,,,
214,,,,,Tier 3 Dyes,skip,non_data_row,,,,,,,
215,,,,,Tier 3 Dyes,skip,non_data_row,,,,,,,
216,,,,,Tier 3 Dyes,skip,non_data_row,,,,,,,
217,,,,,Tier 3 Dyes,skip,non_data_row,,,,,,,
218,,,,,Tier 3 Dyes,skip,non_data_row,,,,,,,
219,,,,,Tier 3 Dyes,skip,non_data_row,,,,,,,
220,,,,,Tier 3 Dyes,skip,non_data_row,,,,,,,
221,,,,,Tier 3 Dyes,skip,non_data_row,,,,,,,
222,,,,,Tier 3 Dyes,skip,non_data_row,,,,,,,
223,,,,,Tier 3 Dyes,skip,non_data_row,,,,,,,
224,,,,,Tier 3 Dyes,skip,non_data_row,,,,,,,
225,,,,,Tier 3 Dyes,skip,non_data_row,,,,,,,
226,,,,,Tier 3 Dyes,skip,non_data_row,,,,,,,
227,,,,,Tier 3 Dyes,skip,non_data_row,,,,,,,
228,,,,,Tier 3 Dyes,skip,non_data_row,,,,,,,
229,,,,,Tier 3 Dyes,skip,non_data_row,,,,,,,
230,,,,,Tier 3 Dyes,skip,non_data_row,,,,,,,
231,,,,,Tier 3 Dyes,skip,non_data_row,,,,,,,
232,,,,,Tier 3 Dyes,skip,non_data_row,,,,,,,
233,,,,,Tier 3 Dyes,skip,non_data_row,,,,,,,
234,,,,,Tier 3 Dyes,skip,non_data_row,,,,,,,
235,,,,,Tier 3 Dyes,skip,non_data_row,,,,,,,
236,,,,,Tier 3 Dyes,skip,non_data_row,,,,,,,
237,,,,,Tier 3 Dyes,skip,non_data_row,,,,,,,
238,,,,,Tier 3 Dyes,skip,non_data_row,,,,,,,
239,,,,,Tier 3 Dyes,skip,non_data_row,,,,,,,
240,,,,,Tier 3 Dyes,skip,non_data_row,,,,,,,
241,,,,,Tier 3 Dyes,skip,non_data_row,,,,,,,
242,,,,,Tier 3 Dyes,skip,non_data_row,,,,,,,
243,,,,,Tier 3 Dyes,skip,non_data_row,,,,,,,
244,,,,,Tier 3 Dyes,skip,non_data_row,,,,,,,
245,,,,,Tier 3 Dyes,skip,non_data_row,,,,,,,
246,,,,,Tier 3 Dyes,skip,non_data_row,,,,,,,
247,,,,,Tier 3 Dyes,skip,non_data_row,,,,,,,
248,,,,,Tier 3 Dyes,skip,non_data_row,,,,,,,
249,,,,,Tier 3 Dyes,skip,non_data_row,,,,,,,
250,,,,,Tier 3 Dyes,skip,non_data_row,,,,,,,
251,,,,,Tier 3 Dyes,skip,non_data_row,,,,,,,
252,,,,,Tier 3 Dyes,skip,non_data_row,,,,,,,
253,,,,,Tier 3 Dyes,skip,non_data_row,,,,,,,
254,,,,,Tier 3 Dyes,skip,non_data_row,,,,,,,
255,,,,,Tier 3 Dyes,skip,non_data_row,,,,,,,
256,,,,,Tier 3 Dyes,skip,non_data_row,,,,,,,
257,,,,,Tier 3 Dyes,skip,non_data_row,,,,,,,
258,,,,,Tier 3 Dyes,skip,non_data_row,,,,,,,
259,,,,,Tier 3 Dyes,skip,non_data_row,,,,,,,
260,,,,,Tier 3 Dyes,skip,non_data_row,,,,,,,
261,,,,,Tier 3 Dyes,skip,non_data_row,,,,,,,
262,,,,,Tier 3 Dyes,skip,non_data_row,,,,,,,
263,,,,,Tier 3 Dyes,skip,non_data_row,,,,,,,
264,,,,,Tier 3 Dyes,skip,non_data_row,,,,,,,
265,,,,,Tier 3 Dyes,skip,non_data_row,,,,,,,
266,,,,,Tier 3 Dyes,skip,non_data_row,,,,,,,
267,,,,,Tier 3 Dyes,skip,non_data_row,,,,,,,
268,,,,,Tier 3 Dyes,skip,non_data_row,,,,,,,
269,,,,,Tier 3 Dyes,skip,non_data_row,,,,,,,
270,,,,,Tier 3 Dyes,skip,non_data_row,,,,,,,
271,,,,,Tier 3 Dyes,skip,non_data_row,,,,,,,
272,,,,,Tier 3 Dyes,skip,non_data_row,,,,,,,
273,,,,,Tier 3 Dyes,skip,non_data_row,,,,,,,
274,,,,,Tier 3 Dyes,skip,non_data_row,,,,,,,
275,,,,,Tier 3 Dyes,skip,non_data_row,,,,,,,
276,,,,,Tier 3 Dyes,skip,non_data_row,,,,,,,
277,,,,,Tier 3 Dyes,skip,non_data_row,,,,,,,
278,,,,,Tier 3 Dyes,skip,non_data_row,,,,,,,
279,,,,,Tier 3 Dyes,skip,non_data_row,,,,,,,
280,,,,,Tier 3 Dyes,skip,non_data_row,,,,,,,
281,,,,,Tier 3 Dyes,skip,non_data_row,,,,,,,
282,,,,,Tier 3 Dyes,skip,non_data_row,,,,,,,
283,,,,,Tier 3 Dyes,skip,non_data_row,,,,,,,
284,,,,,Tier 3 Dyes,skip,non_data_row,,,,,,,
285,,,,,Tier 3 Dyes,skip,non_data_row,,,,,,,
286,,,,,Tier 3 Dyes,skip,non_data_row,,,,,,,
287,,,,,Tier 3 Dyes,skip,non_data_row,,,,,,,
288,,,,,Tier 3 Dyes,skip,non_data_row,,,,,,,
289,,,,,Tier 3 Dyes,skip,non_data_row,,,,,,,
290,,,,,Tier 3 Dyes,skip,non_data_row,,,,,,,
291,,,,,Tier 3 Dyes,skip,non_data_row,,,,,,,
292,,,,,Tier 3 Dyes,skip,non_data_row,,,,,,,
293,,,,,Tier 3 Dyes,skip,non_data_row,,,,,,,
294,,,,,Tier 3 Dyes,skip,non_data_row,,,,,,,
295,,,,,Tier 3 Dyes,skip,non_data_row,,,,,,,
296,,,,,Tier 3 Dyes,skip,non_data_row,,,,,,,
297,,,,,Tier 3 Dyes,skip,non_data_row,,,,,,,
298,,,,,Tier 3 Dyes,skip,non_data_row,,,,,,,
299,,,,,Tier 3 Dyes,skip,non_data_row,,,,,,,
300,,,,,Tier 3 Dyes,skip,non_data_row,,,,,,,
301,,,,,Tier 3 Dyes,skip,non_data_row,,,,,,,
302,,,,,Tier 3 Dyes,skip,non_data_row,,,,,,,
303,,,,,Tier 3 Dyes,skip,non_data_row,,,,,,,
304,,,,,Tier 3 Dyes,skip,non_data_row,,,,,,,
305,,,,,Tier 3 Dyes,skip,non_data_row,,,,,,,
306,,,,,Tier 3 Dyes,skip,non_data_row,,,,,,,
307,,,,,Tier 3 Dyes,skip,non_data_row,,,,,,,
308,,,,,Tier 3 Dyes,skip,non_data_row,,,,,,,
309,,,,,Tier 3 Dyes,skip,non_data_row,,,,,,,
310,,,,,Tier 3 Dyes,skip,non_data_row,,,,,,,
311,,,,,Tier 3 Dyes,skip,non_data_row,,,,,,,
312,,,,,Tier 3 Dyes,skip,non_data_row,,,,,,,
313,,,,,Tier 3 Dyes,skip,non_data_row,,,,,,,
314,,,,,Tier 3 Dyes,skip,non_data_row,,,,,,,
315,,,,,Tier 3 Dyes,skip,non_data_row,,,,,,,
316,,,,,Tier 3 Dyes,skip,non_data_row,,,,,,,
317,,,,,Tier 3 Dyes,skip,non_data_row,,,,,,,
318,,,,,Tier 3 Dyes,skip,non_data_row,,,,,,,
319,,,,,Tier 3 Dyes,skip,non_data_row,,,,,,,
320,,,,,Tier 3 Dyes,skip,non_data_row,,,,,,,
321,,,,,Tier 3 Dyes,skip,non_data_row,,,,,,,
322,,,,,Tier 3 Dyes,skip,non_data_row,,,,,,,
323,,,,,Tier 3 Dyes,skip,non_data_row,,,,,,,
324,,,,,Tier 3 Dyes,skip,non_data_row,,,,,,,
325,,,,,Tier 3 Dyes,skip,non_data_row,,,,,,,
326,,,,,Tier 3 Dyes,skip,non_data_row,,,,,,,
327,,,,,Tier 3 Dyes,skip,non_data_row,,,,,,,
328,,,,,Tier 3 Dyes,skip,non_data_row,,,,,,,
329,,,,,Tier 3 Dyes,skip,non_data_row,,,,,,,
330,,,,,Tier 3 Dyes,skip,non_data_row,,,,,,,
331,,,,,Tier 3 Dyes,skip,non_data_row,,,,,,,
332,,,,,Tier 3 Dyes,skip,non_data_row,,,,,,,
333,,,,,Tier 3 Dyes,skip,non_data_row,,,,,,,
334,,,,,Tier 3 Dyes,skip,non_data_row,,,,,,,
335,,,,,Tier 3 Dyes,skip,non_data_row,,,,,,,
336,,,,,Tier 3 Dyes,skip,non_data_row,,,,,,,
337,,,,,Tier 3 Dyes,skip,non_data_row,,,,,,,
338,,,,,Tier 3 Dyes,skip,non_data_row,,,,,,,
339,,,,,Tier 3 Dyes,skip,non_data_row,,,,,,,
340,,,,,Tier 3 Dyes,skip,non_data_row,,,,,,,
341,,,,,Tier 3 Dyes,skip,non_data_row,,,,,,,
342,,,,,Tier 3 Dyes,skip,non_data_row,,,,,,,
343,,,,,Tier 3 Dyes,skip,non_data_row,,,,,,,
344,,,,,Tier 3 Dyes,skip,non_data_row,,,,,,,
345,,,,,Tier 3 Dyes,skip,non_data_row,,,,,,,
346,,,,,Tier 3 Dyes,skip,non_data_row,,,,,,,
347,,,,,Tier 3 Dyes,skip,non_data_row,,,,,,,
348,,,,,Tier 3 Dyes,skip,non_data_row,,,,,,,
349,,,,,Tier 3 Dyes,skip,non_data_row,,,,,,,
350,,,,,Tier 3 Dyes,skip,non_data_row,,,,,,,
351,,,,,Tier 3 Dyes,skip,non_data_row,,,,,,,
352,,,,,Tier 3 Dyes,skip,non_data_row,,,,,,,
353,,,,,Tier 3 Dyes,skip,non_data_row,,,,,,,
354,,,,,Tier 3 Dyes,skip,non_data_row,,,,,,,
355,,,,,Tier 3 Dyes,skip,non_data_row,,,,,,,
356,,,,,Tier 3 Dyes,skip,non_data_row,,,,,,,
357,,,,,Tier 3 Dyes,skip,non_data_row,,,,,,,
358,,,,,Tier 3 Dyes,skip,non_data_row,,,,,,,
359,,,,,Tier 3 Dyes,skip,non_data_row,,,,,,,
360,,,,,Tier 3 Dyes,skip,non_data_row,,,,,,,
361,,,,,Tier 3 Dyes,skip,non_data_row,,,,,,,
362,,,,,Tier 3 Dyes,skip,non_data_row,,,,,,,
363,,,,,Tier 3 Dyes,skip,non_data_row,,,,,,,
364,,,,,Tier 3 Dyes,skip,non_data_row,,,,,,,
365,,,,,Tier 3 Dyes,skip,non_data_row,,,,,,,
366,,,,,Tier 3 Dyes,skip,non_data_row,,,,,,,
367,,,,,Tier 3 Dyes,skip,non_data_row,,,,,,,
368,,,,,Tier 3 Dyes,skip,non_data_row,,,,,,,
369,,,,,Tier 3 Dyes,skip,non_data_row,,,,,,,
370,,,,,Tier 3 Dyes,skip,non_data_row,,,,,,,
371,,,,,Tier 3 Dyes,skip,non_data_row,,,,,,,
372,,,,,Tier 3 Dyes,skip,non_data_row,,,,,,,
373,,,,,Tier 3 Dyes,skip,non_data_row,,,,,,,
374,,,,,Tier 3 Dyes,skip,non_data_row,,,,,,,
375,,,,,Tier 3 Dyes,skip,non_data_row,,,,,,,
376,,,,,Tier 3 Dyes,skip,non_data_row,,,,,,,
377,,,,,Tier 3 Dyes,skip,non_data_row,,,,,,,
378,,,,,Tier 3 Dyes,skip,non_data_row,,,,,,,
379,,,,,Tier 3 Dyes,skip,non_data_row,,,,,,,
380,,,,,Tier 3 Dyes,skip,non_data_row,,,,,,,
381,,,,,Tier 3 Dyes,skip,non_data_row,,,,,,,
382,,,,,Tier 3 Dyes,skip,non_data_row,,,,,,,
383,,,,,Tier 3 Dyes,skip,non_data_row,,,,,,,
384,,,,,Tier 3 Dyes,skip,non_data_row,,,,,,,
385,,,,,Tier 3 Dyes,skip,non_data_row,,,,,,,
386,,,,,Tier 3 Dyes,skip,non_data_row,,,,,,,
387,,,,,Tier 3 Dyes,skip,non_data_row,,,,,,,
388,,,,,Tier 3 Dyes,skip,non_data_row,,,,,,,
389,,,,,Tier 3 Dyes,skip,non_data_row,,,,,,,
390,,,,,Tier 3 Dyes,skip,non_data_row,,,,,,,
391,,,,,Tier 3 Dyes,skip,non_data_row,,,,,,,
392,,,,,Tier 3 Dyes,skip,non_data_row,,,,,,,
393,,,,,Tier 3 Dyes,skip,non_data_row,,,,,,,
394,,,,,Tier 3 Dyes,skip,non_data_row,,,,,,,
395,,,,,Tier 3 Dyes,skip,non_data_row,,,,,,,
396,,,,,Tier 3 Dyes,skip,non_data_row,,,,,,,
397,,,,,Tier 3 Dyes,skip,non_data_row,,,,,,,
398,,,,,Tier 3 Dyes,skip,non_data_row,,,,,,,
399,,,,,Tier 3 Dyes,skip,non_data_row,,,,,,,
400,,,,,Tier 3 Dyes,skip,non_data_row,,,,,,,
401,,,,,Tier 3 Dyes,skip,non_data_row,,,,,,,
402,,,,,Tier 3 Dyes,skip,non_data_row,,,,,,,
403,,,,,Tier 3 Dyes,skip,non_data_row,,,,,,,
404,,,,,Tier 3 Dyes,skip,non_data_row,,,,,,,
405,,,,,Tier 3 Dyes,skip,non_data_row,,,,,,,
406,,,,,Tier 3 Dyes,skip,non_data_row,,,,,,,
407,,,,,Tier 3 Dyes,skip,non_data_row,,,,,,,
408,,,,,Tier 3 Dyes,skip,non_data_row,,,,,,,
409,,,,,Tier 3 Dyes,skip,non_data_row,,,,,,,
410,,,,,Tier 3 Dyes,skip,non_data_row,,,,,,,
411,,,,,Tier 3 Dyes,skip,non_data_row,,,,,,,
412,,,,,Tier 3 Dyes,skip,non_data_row,,,,,,,
413,,,,,Tier 3 Dyes,skip,non_data_row,,,,,,,
414,,,,,Tier 3 Dyes,skip,non_data_row,,,,,,,
415,,,,,Tier 3 Dyes,skip,non_data_row,,,,,,,
416,,,,,Tier 3 Dyes,skip,non_data_row,,,,,,,
417,,,,,Tier 3 Dyes,skip,non_data_row,,,,,,,
418,,,,,Tier 3 Dyes,skip,non_data_row,,,,,,,
419,,,,,Tier 3 Dyes,skip,non_data_row,,,,,,,
420,,,,,Tier 3 Dyes,skip,non_data_row,,,,,,,
421,,,,,Tier 3 Dyes,skip,non_data_row,,,,,,,
422,,,,,Tier 3 Dyes,skip,non_data_row,,,,,,,
423,,,,,Tier 3 Dyes,skip,non_data_row,,,,,,,
424,,,,,Tier 3 Dyes,skip,non_data_row,,,,,,,
425,,,,,Tier 3 Dyes,skip,non_data_row,,,,,,,
426,,,,,Tier 3 Dyes,skip,non_data_row,,,,,,,
427,,,,,Tier 3 Dyes,skip,non_data_row,,,,,,,
428,,,,,Tier 3 Dyes,skip,non_data_row,,,,,,,
429,,,,,Tier 3 Dyes,skip,non_data_row,,,,,,,
430,,,,,Tier 3 Dyes,skip,non_data_row,,,,,,,
431,,,,,Tier 3 Dyes,skip,non_data_row,,,,,,,
432,,,,,Tier 3 Dyes,skip,non_data_row,,,,,,,
433,,,,,Tier 3 Dyes,skip,non_data_row,,,,,,,
434,,,,,Tier 3 Dyes,skip,non_data_row,,,,,,,
435,,,,,Tier 3 Dyes,skip,non_data_row,,,,,,,
436,,,,,Tier 3 Dyes,skip,non_data_row,,,,,,,
437,,,,,Tier 3 Dyes,skip,non_data_row,,,,,,,
438,,,,,Tier 3 Dyes,skip,non_data_row,,,,,,,
439,,,,,Tier 3 Dyes,skip,non_data_row,,,,,,,
440,,,,,Tier 3 Dyes,skip,non_data_row,,,,,,,
441,,,,,Tier 3 Dyes,skip,non_data_row,,,,,,,
442,,,,,Tier 3 Dyes,skip,non_data_row,,,,,,,
443,,,,,Tier 3 Dyes,skip,non_data_row,,,,,,,
444,,,,,Tier 3 Dyes,skip,non_data_row,,,,,,,
445,,,,,Tier 3 Dyes,skip,non_data_row,,,,,,,
446,,,,,Tier 3 Dyes,skip,non_data_row,,,,,,,
447,,,,,Tier 3 Dyes,skip,non_data_row,,,,,,,
448,,,,,Tier 3 Dyes,skip,non_data_row,,,,,,,
449,,,,,Tier 3 Dyes,skip,non_data_row,,,,,,,
450,,,,,Tier 3 Dyes,skip,non_data_row,,,,,,,
451,,,,,Tier 3 Dyes,skip,non_data_row,,,,,,,
452,,,,,Tier 3 Dyes,skip,non_data_row,,,,,,,
453,,,,,Tier 3 Dyes,skip,non_data_row,,,,,,,
454,,,,,Tier 3 Dyes,skip,non_data_row,,,,,,,
455,,,,,Tier 3 Dyes,skip,non_data_row,,,,,,,
456,,,,,Tier 3 Dyes,skip,non_data_row,,,,,,,
457,,,,,Tier 3 Dyes,skip,non_data_row,,,,,,,
458,,,,,Tier 3 Dyes,skip,non_data_row,,,,,,,
459,,,,,Tier 3 Dyes,skip,non_data_row,,,,,,,
460,,,,,Tier 3 Dyes,skip,non_data_row,,,,,,,
461,,,,,Tier 3 Dyes,skip,non_data_row,,,,,,,
462,,,,,Tier 3 Dyes,skip,non_data_row,,,,,,,
463,,,,,Tier 3 Dyes,skip,non_data_row,,,,,,,
464,,,,,Tier 3 Dyes,skip,non_data_row,,,,,,,
465,,,,,Tier 3 Dyes,skip,non_data_row,,,,,,,
466,,,,,Tier 3 Dyes,skip,non_data_row,,,,,,,
467,,,,,Tier 3 Dyes,skip,non_data_row,,,,,,,
468,,,,,Tier 3 Dyes,skip,non_data_row,,,,,,,
469,,,,,Tier 3 Dyes,skip,non_data_row,,,,,,,
470,,,,,Tier 3 Dyes,skip,non_data_row,,,,,,,
471,,,,,Tier 3 Dyes,skip,non_data_row,,,,,,,
472,,,,,Tier 3 Dyes,skip,non_data_row,,,,,,,
473,,,,,Tier 3 Dyes,skip,non_data_row,,,,,,,
474,,,,,Tier 3 Dyes,skip,non_data_row,,,,,,,
475,,,,,Tier 3 Dyes,skip,non_data_row,,,,,,,
476,,,,,Tier 3 Dyes,skip,non_data_row,,,,,,,
477,,,,,Tier 3 Dyes,skip,non_data_row,,,,,,,
478,,,,,Tier 3 Dyes,skip,non_data_row,,,,,,,
479,,,,,Tier 3 Dyes,skip,non_data_row,,,,,,,
480,,,,,Tier 3 Dyes,skip,non_data_row,,,,,,,
481,,,,,Tier 3 Dyes,skip,non_data_row,,,,,,,
482,,,,,Tier 3 Dyes,skip,non_data_row,,,,,,,
483,,,,,Tier 3 Dyes,skip,non_data_row,,,,,,,
484,,,,,Tier 3 Dyes,skip,non_data_row,,,,,,,
485,,,,,Tier 3 Dyes,skip,non_data_row,,,,,,,
486,,,,,Tier 3 Dyes,skip,non_data_row,,,,,,,
487,,,,,Tier 3 Dyes,skip,non_data_row,,,,,,,
488,,,,,Tier 3 Dyes,skip,non_data_row,,,,,,,
489,,,,,Tier 3 Dyes,skip,non_data_row,,,,,,,
490,,,,,Tier 3 Dyes,skip,non_data_row,,,,,,,
491,,,,,Tier 3 Dyes,skip,non_data_row,,,,,,,
492,,,,,Tier 3 Dyes,skip,non_data_row,,,,,,,
493,,,,,Tier 3 Dyes,skip,non_data_row,,,,,,,
494,,,,,Tier 3 Dyes,skip,non_data_row,,,,,,,
495,,,,,Tier 3 Dyes,skip,non_data_row,,,,,,,
496,,,,,Tier 3 Dyes,skip,non_data_row,,,,,,,
497,,,,,Tier 3 Dyes,skip,non_data_row,,,,,,,
498,,,,,Tier 3 Dyes,skip,non_data_row,,,,,,,
499,,,,,Tier 3 Dyes,skip,non_data_row,,,,,,,
500,,,,,Tier 3 Dyes,skip,non_data_row,,,,,,,
501,,,,,Tier 3 Dyes,skip,non_data_row,,,,,,,
502,,,,,Tier 3 Dyes,skip,non_data_row,,,,,,,
503,,,,,Tier 3 Dyes,skip,non_data_row,,,,,,,
504,,,,,Tier 3 Dyes,skip,non_data_row,,,,,,,
505,,,,,Tier 3 Dyes,skip,non_data_row,,,,,,,
506,,,,,Tier 3 Dyes,skip,non_data_row,,,,,,,
507,,,,,Tier 3 Dyes,skip,non_data_row,,,,,,,
508,,,,,Tier 3 Dyes,skip,non_data_row,,,,,,,
509,,,,,Tier 3 Dyes,skip,non_data_row,,,,,,,
510,,,,,Tier 3 Dyes,skip,non_data_row,,,,,,,
511,,,,,Tier 3 Dyes,skip,non_data_row,,,,,,,
512,,,,,Tier 3 Dyes,skip,non_data_row,,,,,,,
513,,,,,Tier 3 Dyes,skip,non_data_row,,,,,,,
514,,,,,Tier 3 Dyes,skip,non_data_row,,,,,,,
515,,,,,Tier 3 Dyes,skip,non_data_row,,,,,,,
516,,,,,Tier 3 Dyes,skip,non_data_row,,,,,,,
517,,,,,Tier 3 Dyes,skip,non_data_row,,,,,,,
518,,,,,Tier 3 Dyes,skip,non_data_row,,,,,,,
519,,,,,Tier 3 Dyes,skip,non_data_row,,,,,,,
520,,,,,Tier 3 Dyes,skip,non_data_row,,,,,,,
521,,,,,Tier 3 Dyes,skip,non_data_row,,,,,,,
522,,,,,Tier 3 Dyes,skip,non_data_row,,,,,,,
523,,,,,Tier 3 Dyes,skip,non_data_row,,,,,,,
524,,,,,Tier 3 Dyes,skip,non_data_row,,,,,,,
525,,,,,Tier 3 Dyes,skip,non_data_row,,,,,,,
526,,,,,Tier 3 Dyes,skip,non_data_row,,,,,,,
527,,,,,Tier 3 Dyes,skip,non_data_row,,,,,,,
528,,,,,Tier 3 Dyes,skip,non_data_row,,,,,,,
529,,,,,Tier 3 Dyes,skip,non_data_row,,,,,,,
530,,,,,Tier 3 Dyes,skip,non_data_row,,,,,,,
531,,,,,Tier 3 Dyes,skip,non_data_row,,,,,,,
532,,,,,Tier 3 Dyes,skip,non_data_row,,,,,,,
533,,,,,Tier 3 Dyes,skip,non_data_row,,,,,,,
534,,,,,Tier 3 Dyes,skip,non_data_row,,,,,,,
535,,,,,Tier 3 Dyes,skip,non_data_row,,,,,,,
536,,,,,Tier 3 Dyes,skip,non_data_row,,,,,,,
537,,,,,Tier 3 Dyes,skip,non_data_row,,,,,,,
538,,,,,Tier 3 Dyes,skip,non_data_row,,,,,,,
539,,,,,Tier 3 Dyes,skip,non_data_row,,,,,,,
540,,,,,Tier 3 Dyes,skip,non_data_row,,,,,,,
541,,,,,Tier 3 Dyes,skip,non_data_row,,,,,,,
542,,,,,Tier 3 Dyes,skip,non_data_row,,,,,,,
543,,,,,Tier 3 Dyes,skip,non_data_row,,,,,,,
544,,,,,Tier 3 Dyes,skip,non_data_row,,,,,,,
545,,,,,Tier 3 Dyes,skip,non_data_row,,,,,,,
546,,,,,Tier 3 Dyes,skip,non_data_row,,,,,,,
547,,,,,Tier 3 Dyes,skip,non_data_row,,,,,,,
548,,,,,Tier 3 Dyes,skip,non_data_row,,,,,,,
549,,,,,Tier 3 Dyes,skip,non_data_row,,,,,,,
550,,,,,Tier 3 Dyes,skip,non_data_row,,,,,,,
551,,,,,Tier 3 Dyes,skip,non_data_row,,,,,,,
552,,,,,Tier 3 Dyes,skip,non_data_row,,,,,,,
553,,,,,Tier 3 Dyes,skip,non_data_row,,,,,,,
554,,,,,Tier 3 Dyes,skip,non_data_row,,,,,,,
555,,,,,Tier 3 Dyes,skip,non_data_row,,,,,,,
556,,,,,Tier 3 Dyes,skip,non_data_row,,,,,,,
557,,,,,Tier 3 Dyes,skip,non_data_row,,,,,,,
558,,,,,Tier 3 Dyes,skip,non_data_row,,,,,,,
559,,,,,Tier 3 Dyes,skip,non_data_row,,,,,,,
560,,,,,Tier 3 Dyes,skip,non_data_row,,,,,,,
561,,,,,Tier 3 Dyes,skip,non_data_row,,,,,,,
562,,,,,Tier 3 Dyes,skip,non_data_row,,,,,,,
563,,,,,Tier 3 Dyes,skip,non_data_row,,,,,,,
564,,,,,Tier 3 Dyes,skip,non_data_row,,,,,,,
565,,,,,Tier 3 Dyes,skip,non_data_row,,,,,,,
566,,,,,Tier 3 Dyes,skip,non_data_row,,,,,,,
567,,,,,Tier 3 Dyes,skip,non_data_row,,,,,,,
568,,,,,Tier 3 Dyes,skip,non_data_row,,,,,,,
569,,,,,Tier 3 Dyes,skip,non_data_row,,,,,,,
570,,,,,Tier 3 Dyes,skip,non_data_row,,,,,,,
571,,,,,Tier 3 Dyes,skip,non_data_row,,,,,,,
572,,,,,Tier 3 Dyes,skip,non_data_row,,,,,,,
573,,,,,Tier 3 Dyes,skip,non_data_row,,,,,,,
574,,,,,Tier 3 Dyes,skip,non_data_row,,,,,,,
575,,,,,Tier 3 Dyes,skip,non_data_row,,,,,,,
576,,,,,Tier 3 Dyes,skip,non_data_row,,,,,,,
577,,,,,Tier 3 Dyes,skip,non_data_row,,,,,,,
578,,,,,Tier 3 Dyes,skip,non_data_row,,,,,,,
579,,,,,Tier 3 Dyes,skip,non_data_row,,,,,,,
580,,,,,Tier 3 Dyes,skip,non_data_row,,,,,,,
581,,,,,Tier 3 Dyes,skip,non_data_row,,,,,,,
582,,,,,Tier 3 Dyes,skip,non_data_row,,,,,,,
583,,,,,Tier 3 Dyes,skip,non_data_row,,,,,,,
584,,,,,Tier 3 Dyes,skip,non_data_row,,,,,,,
585,,,,,Tier 3 Dyes,skip,non_data_row,,,,,,,
586,,,,,Tier 3 Dyes,skip,non_data_row,,,,,,,
587,,,,,Tier 3 Dyes,skip,non_data_row,,,,,,,
588,,,,,Tier 3 Dyes,skip,non_data_row,,,,,,,
589,,,,,Tier 3 Dyes,skip,non_data_row,,,,,,,
590,,,,,Tier 3 Dyes,skip,non_data_row,,,,,,,
591,,,,,Tier 3 Dyes,skip,non_data_row,,,,,,,
592,,,,,Tier 3 Dyes,skip,non_data_row,,,,,,,
593,,,,,Tier 3 Dyes,skip,non_data_row,,,,,,,
594,,,,,Tier 3 Dyes,skip,non_data_row,,,,,,,
595,,,,,Tier 3 Dyes,skip,non_data_row,,,,,,,
596,,,,,Tier 3 Dyes,skip,non_data_row,,,,,,,
597,,,,,Tier 3 Dyes,skip,non_data_row,,,,,,,
598,,,,,Tier 3 Dyes,skip,non_data_row,,,,,,,
599,,,,,Tier 3 Dyes,skip,non_data_row,,,,,,,
600,,,,,Tier 3 Dyes,skip,non_data_row,,,,,,,
601,,,,,Tier 3 Dyes,skip,non_data_row,,,,,,,
602,,,,,Tier 3 Dyes,skip,non_data_row,,,,,,,
603,,,,,Tier 3 Dyes,skip,non_data_row,,,,,,,
604,,,,,Tier 3 Dyes,skip,non_data_row,,,,,,,
605,,,,,Tier 3 Dyes,skip,non_data_row,,,,,,,
606,,,,,Tier 3 Dyes,skip,non_data_row,,,,,,,
607,,,,,Tier 3 Dyes,skip,non_data_row,,,,,,,
608,,,,,Tier 3 Dyes,skip,non_data_row,,,,,,,
609,,,,,Tier 3 Dyes,skip,non_data_row,,,,,,,
610,,,,,Tier 3 Dyes,skip,non_data_row,,,,,,,
611,,,,,Tier 3 Dyes,skip,non_data_row,,,,,,,
612,,,,,Tier 3 Dyes,skip,non_data_row,,,,,,,
613,,,,,Tier 3 Dyes,skip,non_data_row,,,,,,,
614,,,,,Tier 3 Dyes,skip,non_data_row,,,,,,,
615,,,,,Tier 3 Dyes,skip,non_data_row,,,,,,,
616,,,,,Tier 3 Dyes,skip,non_data_row,,,,,,,
617,,,,,Tier 3 Dyes,skip,non_data_row,,,,,,,
618,,,,,Tier 3 Dyes,skip,non_data_row,,,,,,,
619,,,,,Tier 3 Dyes,skip,non_data_row,,,,,,,
620,,,,,Tier 3 Dyes,skip,non_data_row,,,,,,,
621,,,,,Tier 3 Dyes,skip,non_data_row,,,,,,,
622,,,,,Tier 3 Dyes,skip,non_data_row,,,,,,,
623,,,,,Tier 3 Dyes,skip,non_data_row,,,,,,,
624,,,,,Tier 3 Dyes,skip,non_data_row,,,,,,,
625,,,,,Tier 3 Dyes,skip,non_data_row,,,,,,,
626,,,,,Tier 3 Dyes,skip,non_data_row,,,,,,,
627,,,,,Tier 3 Dyes,skip,non_data_row,,,,,,,
628,,,,,Tier 3 Dyes,skip,non_data_row,,,,,,,
629,,,,,Tier 3 Dyes,skip,non_data_row,,,,,,,
630,,,,,Tier 3 Dyes,skip,non_data_row,,,,,,,
631,,,,,Tier 3 Dyes,skip,non_data_row,,,,,,,
632,,,,,Tier 3 Dyes,skip,non_data_row,,,,,,,
633,,,,,Tier 3 Dyes,skip,non_data_row,,,,,,,
634,,,,,Tier 3 Dyes,skip,non_data_row,,,,,,,
635,,,,,Tier 3 Dyes,skip,non_data_row,,,,,,,
636,,,,,Tier 3 Dyes,skip,non_data_row,,,,,,,
637,,,,,Tier 3 Dyes,skip,non_data_row,,,,,,,
638,,,,,Tier 3 Dyes,skip,non_data_row,,,,,,,
639,,,,,Tier 3 Dyes,skip,non_data_row,,,,,,,
640,,,,,Tier 3 Dyes,skip,non_data_row,,,,,,,
641,,,,,Tier 3 Dyes,skip,non_data_row,,,,,,,
642,,,,,Tier 3 Dyes,skip,non_data_row,,,,,,,
643,,,,,Tier 3 Dyes,skip,non_data_row,,,,,,,
644,,,,,Tier 3 Dyes,skip,non_data_row,,,,,,,
645,,,,,Tier 3 Dyes,skip,non_data_row,,,,,,,
646,,,,,Tier 3 Dyes,skip,non_data_row,,,,,,,
647,,,,,Tier 3 Dyes,skip,non_data_row,,,,,,,
648,,,,,Tier 3 Dyes,skip,non_data_row,,,,,,,
649,,,,,Tier 3 Dyes,skip,non_data_row,,,,,,,
650,,,,,Tier 3 Dyes,skip,non_data_row,,,,,,,
651,,,,,Tier 3 Dyes,skip,non_data_row,,,,,,,
652,,,,,Tier 3 Dyes,skip,non_data_row,,,,,,,
653,,,,,Tier 3 Dyes,skip,non_data_row,,,,,,,
654,,,,,Tier 3 Dyes,skip,non_data_row,,,,,,,
655,,,,,Tier 3 Dyes,skip,non_data_row,,,,,,,
656,,,,,Tier 3 Dyes,skip,non_data_row,,,,,,,
657,,,,,Tier 3 Dyes,skip,non_data_row,,,,,,,
658,,,,,Tier 3 Dyes,skip,non_data_row,,,,,,,
659,,,,,Tier 3 Dyes,skip,non_data_row,,,,,,,
660,,,,,Tier 3 Dyes,skip,non_data_row,,,,,,,
661,,,,,Tier 3 Dyes,skip,non_data_row,,,,,,,
662,,,,,Tier 3 Dyes,skip,non_data_row,,,,,,,
663,,,,,Tier 3 Dyes,skip,non_data_row,,,,,,,
664,,,,,Tier 3 Dyes,skip,non_data_row,,,,,,,
665,,,,,Tier 3 Dyes,skip,non_data_row,,,,,,,
666,,,,,Tier 3 Dyes,skip,non_data_row,,,,,,,
667,,,,,Tier 3 Dyes,skip,non_data_row,,,,,,,
668,,,,,Tier 3 Dyes,skip,non_data_row,,,,,,,
669,,,,,Tier 3 Dyes,skip,non_data_row,,,,,,,
670,,,,,Tier 3 Dyes,skip,non_data_row,,,,,,,
671,,,,,Tier 3 Dyes,skip,non_data_row,,,,,,,
672,,,,,Tier 3 Dyes,skip,non_data_row,,,,,,,
673,,,,,Tier 3 Dyes,skip,non_data_row,,,,,,,
674,,,,,Tier 3 Dyes,skip,non_data_row,,,,,,,
675,,,,,Tier 3 Dyes,skip,non_data_row,,,,,,,
676,,,,,Tier 3 Dyes,skip,non_data_row,,,,,,,
677,,,,,Tier 3 Dyes,skip,non_data_row,,,,,,,
678,,,,,Tier 3 Dyes,skip,non_data_row,,,,,,,
679,,,,,Tier 3 Dyes,skip,non_data_row,,,,,,,
680,,,,,Tier 3 Dyes,skip,non_data_row,,,,,,,
681,,,,,Tier 3 Dyes,skip,non_data_row,,,,,,,
682,,,,,Tier 3 Dyes,skip,non_data_row,,,,,,,
683,,,,,Tier 3 Dyes,skip,non_data_row,,,,,,,
684,,,,,Tier 3 Dyes,skip,non_data_row,,,,,,,
685,,,,,Tier 3 Dyes,skip,non_data_row,,,,,,,
686,,,,,Tier 3 Dyes,skip,non_data_row,,,,,,,
687,,,,,Tier 3 Dyes,skip,non_data_row,,,,,,,
688,,,,,Tier 3 Dyes,skip,non_data_row,,,,,,,
689,,,,,Tier 3 Dyes,skip,non_data_row,,,,,,,
690,,,,,Tier 3 Dyes,skip,non_data_row,,,,,,,
691,,,,,Tier 3 Dyes,skip,non_data_row,,,,,,,
692,,,,,Tier 3 Dyes,skip,non_data_row,,,,,,,
693,,,,,Tier 3 Dyes,skip,non_data_row,,,,,,,
694,,,,,Tier 3 Dyes,skip,non_data_row,,,,,,,
695,,,,,Tier 3 Dyes,skip,non_data_row,,,,,,,
696,,,,,Tier 3 Dyes,skip,non_data_row,,,,,,,
697,,,,,Tier 3 Dyes,skip,non_data_row,,,,,,,
698,,,,,Tier 3 Dyes,skip,non_data_row,,,,,,,
699,,,,,Tier 3 Dyes,skip,non_data_row,,,,,,,
700,,,,,Tier 3 Dyes,skip,non_data_row,,,,,,,
701,,,,,Tier 3 Dyes,skip,non_data_row,,,,,,,
702,,,,,Tier 3 Dyes,skip,non_data_row,,,,,,,
703,,,,,Tier 3 Dyes,skip,non_data_row,,,,,,,
704,,,,,Tier 3 Dyes,skip,non_data_row,,,,,,,
705,,,,,Tier 3 Dyes,skip,non_data_row,,,,,,,
706,,,,,Tier 3 Dyes,skip,non_data_row,,,,,,,
707,,,,,Tier 3 Dyes,skip,non_data_row,,,,,,,
708,,,,,Tier 3 Dyes,skip,non_data_row,,,,,,,
709,,,,,Tier 3 Dyes,skip,non_data_row,,,,,,,
710,,,,,Tier 3 Dyes,skip,non_data_row,,,,,,,
711,,,,,Tier 3 Dyes,skip,non_data_row,,,,,,,
712,,,,,Tier 3 Dyes,skip,non_data_row,,,,,,,
713,,,,,Tier 3 Dyes,skip,non_data_row,,,,,,,
714,,,,,Tier 3 Dyes,skip,non_data_row,,,,,,,
715,,,,,Tier 3 Dyes,skip,non_data_row,,,,,,,
716,,,,,Tier 3 Dyes,skip,non_data_row,,,,,,,
717,,,,,Tier 3 Dyes,skip,non_data_row,,,,,,,
718,,,,,Tier 3 Dyes,skip,non_data_row,,,,,,,
719,,,,,Tier 3 Dyes,skip,non_data_row,,,,,,,
720,,,,,Tier 3 Dyes,skip,non_data_row,,,,,,,
721,,,,,Tier 3 Dyes,skip,non_data_row,,,,,,,
722,,,,,Tier 3 Dyes,skip,non_data_row,,,,,,,
723,,,,,Tier 3 Dyes,skip,non_data_row,,,,,,,
724,,,,,Tier 3 Dyes,skip,non_data_row,,,,,,,
725,,,,,Tier 3 Dyes,skip,non_data_row,,,,,,,
726,,,,,Tier 3 Dyes,skip,non_data_row,,,,,,,
727,,,,,Tier 3 Dyes,skip,non_data_row,,,,,,,
728,,,,,Tier 3 Dyes,skip,non_data_row,,,,,,,
729,,,,,Tier 3 Dyes,skip,non_data_row,,,,,,,
730,,,,,Tier 3 Dyes,skip,non_data_row,,,,,,,
731,,,,,Tier 3 Dyes,skip,non_data_row,,,,,,,
732,,,,,Tier 3 Dyes,skip,non_data_row,,,,,,,
733,,,,,Tier 3 Dyes,skip,non_data_row,,,,,,,
734,,,,,Tier 3 Dyes,skip,non_data_row,,,,,,,
735,,,,,Tier 3 Dyes,skip,non_data_row,,,,,,,
736,,,,,Tier 3 Dyes,skip,non_data_row,,,,,,,
737,,,,,Tier 3 Dyes,skip,non_data_row,,,,,,,
738,,,,,Tier 3 Dyes,skip,non_data_row,,,,,,,
739,,,,,Tier 3 Dyes,skip,non_data_row,,,,,,,
740,,,,,Tier 3 Dyes,skip,non_data_row,,,,,,,
741,,,,,Tier 3 Dyes,skip,non_data_row,,,,,,,
742,,,,,Tier 3 Dyes,skip,non_data_row,,,,,,,
743,,,,,Tier 3 Dyes,skip,non_data_row,,,,,,,
744,,,,,Tier 3 Dyes,skip,non_data_row,,,,,,,
745,,,,,Tier 3 Dyes,skip,non_data_row,,,,,,,
746,,,,,Tier 3 Dyes,skip,non_data_row,,,,,,,
747,,,,,Tier 3 Dyes,skip,non_data_row,,,,,,,
748,,,,,Tier 3 Dyes,skip,non_data_row,,,,,,,
749,,,,,Tier 3 Dyes,skip,non_data_row,,,,,,,
750,,,,,Tier 3 Dyes,skip,non_data_row,,,,,,,
751,,,,,Tier 3 Dyes,skip,non_data_row,,,,,,,
752,,,,,Tier 3 Dyes,skip,non_data_row,,,,,,,
753,,,,,Tier 3 Dyes,skip,non_data_row,,,,,,,
754,,,,,Tier 3 Dyes,skip,non_data_row,,,,,,,
755,,,,,Tier 3 Dyes,skip,non_data_row,,,,,,,
756,,,,,Tier 3 Dyes,skip,non_data_row,,,,,,,
757,,,,,Tier 3 Dyes,skip,non_data_row,,,,,,,
758,,,,,Tier 3 Dyes,skip,non_data_row,,,,,,,
759,,,,,Tier 3 Dyes,skip,non_data_row,,,,,,,
760,,,,,Tier 3 Dyes,skip,non_data_row,,,,,,,
761,,,,,Tier 3 Dyes,skip,non_data_row,,,,,,,
762,,,,,Tier 3 Dyes,skip,non_data_row,,,,,,,
763,,,,,Tier 3 Dyes,skip,non_data_row,,,,,,,
764,,,,,Tier 3 Dyes,skip,non_data_row,,,,,,,
765,,,,,Tier 3 Dyes,skip,non_data_row,,,,,,,
766,,,,,Tier 3 Dyes,skip,non_data_row,,,,,,,
767,,,,,Tier 3 Dyes,skip,non_data_row,,,,,,,
768,,,,,Tier 3 Dyes,skip,non_data_row,,,,,,,
769,,,,,Tier 3 Dyes,skip,non_data_row,,,,,,,
770,,,,,Tier 3 Dyes,skip,non_data_row,,,,,,,
771,,,,,Tier 3 Dyes,skip,non_data_row,,,,,,,
772,,,,,Tier 3 Dyes,skip,non_data_row,,,,,,,
773,,,,,Tier 3 Dyes,skip,non_data_row,,,,,,,
774,,,,,Tier 3 Dyes,skip,non_data_row,,,,,,,
775,,,,,Tier 3 Dyes,skip,non_data_row,,,,,,,
776,,,,,Tier 3 Dyes,skip,non_data_row,,,,,,,
777,,,,,Tier 3 Dyes,skip,non_data_row,,,,,,,
778,,,,,Tier 3 Dyes,skip,non_data_row,,,,,,,
779,,,,,Tier 3 Dyes,skip,non_data_row,,,,,,,
780,,,,,Tier 3 Dyes,skip,non_data_row,,,,,,,
781,,,,,Tier 3 Dyes,skip,non_data_row,,,,,,,
782,,,,,Tier 3 Dyes,skip,non_data_row,,,,,,,
783,,,,,Tier 3 Dyes,skip,non_data_row,,,,,,,
784,,,,,Tier 3 Dyes,skip,non_data_row,,,,,,,
785,,,,,Tier 3 Dyes,skip,non_data_row,,,,,,,
786,,,,,Tier 3 Dyes,skip,non_data_row,,,,,,,
787,,,,,Tier 3 Dyes,skip,non_data_row,,,,,,,
788,,,,,Tier 3 Dyes,skip,non_data_row,,,,,,,
789,,,,,Tier 3 Dyes,skip,non_data_row,,,,,,,
790,,,,,Tier 3 Dyes,skip,non_data_row,,,,,,,
791,,,,,Tier 3 Dyes,skip,non_data_row,,,,,,,
792,,,,,Tier 3 Dyes,skip,non_data_row,,,,,,,
793,,,,,Tier 3 Dyes,skip,non_data_row,,,,,,,
794,,,,,Tier 3 Dyes,skip,non_data_row,,,,,,,
795,,,,,Tier 3 Dyes,skip,non_data_row,,,,,,,
796,,,,,Tier 3 Dyes,skip,non_data_row,,,,,,,
797,,,,,Tier 3 Dyes,skip,non_data_row,,,,,,,
798,,,,,Tier 3 Dyes,skip,non_data_row,,,,,,,
799,,,,,Tier 3 Dyes,skip,non_data_row,,,,,,,
800,,,,,Tier 3 Dyes,skip,non_data_row,,,,,,,
801,,,,,Tier 3 Dyes,skip,non_data_row,,,,,,,
802,,,,,Tier 3 Dyes,skip,non_data_row,,,,,,,
803,,,,,Tier 3 Dyes,skip,non_data_row,,,,,,,
804,,,,,Tier 3 Dyes,skip,non_data_row,,,,,,,
805,,,,,Tier 3 Dyes,skip,non_data_row,,,,,,,
806,,,,,Tier 3 Dyes,skip,non_data_row,,,,,,,
807,,,,,Tier 3 Dyes,skip,non_data_row,,,,,,,
808,,,,,Tier 3 Dyes,skip,non_data_row,,,,,,,
809,,,,,Tier 3 Dyes,skip,non_data_row,,,,,,,
810,,,,,Tier 3 Dyes,skip,non_data_row,,,,,,,
811,,,,,Tier 3 Dyes,skip,non_data_row,,,,,,,
812,,,,,Tier 3 Dyes,skip,non_data_row,,,,,,,
813,,,,,Tier 3 Dyes,skip,non_data_row,,,,,,,
814,,,,,Tier 3 Dyes,skip,non_data_row,,,,,,,
815,,,,,Tier 3 Dyes,skip,non_data_row,,,,,,,
816,,,,,Tier 3 Dyes,skip,non_data_row,,,,,,,
817,,,,,Tier 3 Dyes,skip,non_data_row,,,,,,,
818,,,,,Tier 3 Dyes,skip,non_data_row,,,,,,,
819,,,,,Tier 3 Dyes,skip,non_data_row,,,,,,,
820,,,,,Tier 3 Dyes,skip,non_data_row,,,,,,,
821,,,,,Tier 3 Dyes,skip,non_data_row,,,,,,,
822,,,,,Tier 3 Dyes,skip,non_data_row,,,,,,,
823,,,,,Tier 3 Dyes,skip,non_data_row,,,,,,,
824,,,,,Tier 3 Dyes,skip,non_data_row,,,,,,,
825,,,,,Tier 3 Dyes,skip,non_data_row,,,,,,,
826,,,,,Tier 3 Dyes,skip,non_data_row,,,,,,,
827,,,,,Tier 3 Dyes,skip,non_data_row,,,,,,,
828,,,,,Tier 3 Dyes,skip,non_data_row,,,,,,,
829,,,,,Tier 3 Dyes,skip,non_data_row,,,,,,,
830,,,,,Tier 3 Dyes,skip,non_data_row,,,,,,,
831,,,,,Tier 3 Dyes,skip,non_data_row,,,,,,,
832,,,,,Tier 3 Dyes,skip,non_data_row,,,,,,,
833,,,,,Tier 3 Dyes,skip,non_data_row,,,,,,,
834,,,,,Tier 3 Dyes,skip,non_data_row,,,,,,,
835,,,,,Tier 3 Dyes,skip,non_data_row,,,,,,,
836,,,,,Tier 3 Dyes,skip,non_data_row,,,,,,,
837,,,,,Tier 3 Dyes,skip,non_data_row,,,,,,,
838,,,,,Tier 3 Dyes,skip,non_data_row,,,,,,,
839,,,,,Tier 3 Dyes,skip,non_data_row,,,,,,,
840,,,,,Tier 3 Dyes,skip,non_data_row,,,,,,,
841,,,,,Tier 3 Dyes,skip,non_data_row,,,,,,,
842,,,,,Tier 3 Dyes,skip,non_data_row,,,,,,,
843,,,,,Tier 3 Dyes,skip,non_data_row,,,,,,,
844,,,,,Tier 3 Dyes,skip,non_data_row,,,,,,,
845,,,,,Tier 3 Dyes,skip,non_data_row,,,,,,,
846,,,,,Tier 3 Dyes,skip,non_data_row,,,,,,,
847,,,,,Tier 3 Dyes,skip,non_data_row,,,,,,,
848,,,,,Tier 3 Dyes,skip,non_data_row,,,,,,,
849,,,,,Tier 3 Dyes,skip,non_data_row,,,,,,,
850,,,,,Tier 3 Dyes,skip,non_data_row,,,,,,,
851,,,,,Tier 3 Dyes,skip,non_data_row,,,,,,,
852,,,,,Tier 3 Dyes,skip,non_data_row,,,,,,,
853,,,,,Tier 3 Dyes,skip,non_data_row,,,,,,,
854,,,,,Tier 3 Dyes,skip,non_data_row,,,,,,,
855,,,,,Tier 3 Dyes,skip,non_data_row,,,,,,,
856,,,,,Tier 3 Dyes,skip,non_data_row,,,,,,,
857,,,,,Tier 3 Dyes,skip,non_data_row,,,,,,,
858,,,,,Tier 3 Dyes,skip,non_data_row,,,,,,,
859,,,,,Tier 3 Dyes,skip,non_data_row,,,,,,,
860,,,,,Tier 3 Dyes,skip,non_data_row,,,,,,,
861,,,,,Tier 3 Dyes,skip,non_data_row,,,,,,,
862,,,,,Tier 3 Dyes,skip,non_data_row,,,,,,,
863,,,,,Tier 3 Dyes,skip,non_data_row,,,,,,,
864,,,,,Tier 3 Dyes,skip,non_data_row,,,,,,,
865,,,,,Tier 3 Dyes,skip,non_data_row,,,,,,,
866,,,,,Tier 3 Dyes,skip,non_data_row,,,,,,,
867,,,,,Tier 3 Dyes,skip,non_data_row,,,,,,,
868,,,,,Tier 3 Dyes,skip,non_data_row,,,,,,,
869,,,,,Tier 3 Dyes,skip,non_data_row,,,,,,,
870,,,,,Tier 3 Dyes,skip,non_data_row,,,,,,,
871,,,,,Tier 3 Dyes,skip,non_data_row,,,,,,,
872,,,,,Tier 3 Dyes,skip,non_data_row,,,,,,,
873,,,,,Tier 3 Dyes,skip,non_data_row,,,,,,,
874,,,,,Tier 3 Dyes,skip,non_data_row,,,,,,,
875,,,,,Tier 3 Dyes,skip,non_data_row,,,,,,,
876,,,,,Tier 3 Dyes,skip,non_data_row,,,,,,,
877,,,,,Tier 3 Dyes,skip,non_data_row,,,,,,,
878,,,,,Tier 3 Dyes,skip,non_data_row,,,,,,,
879,,,,,Tier 3 Dyes,skip,non_data_row,,,,,,,
880,,,,,Tier 3 Dyes,skip,non_data_row,,,,,,,
881,,,,,Tier 3 Dyes,skip,non_data_row,,,,,,,
882,,,,,Tier 3 Dyes,skip,non_data_row,,,,,,,
883,,,,,Tier 3 Dyes,skip,non_data_row,,,,,,,
884,,,,,Tier 3 Dyes,skip,non_data_row,,,,,,,
885,,,,,Tier 3 Dyes,skip,non_data_row,,,,,,,
886,,,,,Tier 3 Dyes,skip,non_data_row,,,,,,,
887,,,,,Tier 3 Dyes,skip,non_data_row,,,,,,,
888,,,,,Tier 3 Dyes,skip,non_data_row,,,,,,,
889,,,,,Tier 3 Dyes,skip,non_data_row,,,,,,,
890,,,,,Tier 3 Dyes,skip,non_data_row,,,,,,,
891,,,,,Tier 3 Dyes,skip,non_data_row,,,,,,,
892,,,,,Tier 3 Dyes,skip,non_data_row,,,,,,,
893,,,,,Tier 3 Dyes,skip,non_data_row,,,,,,,
894,,,,,Tier 3 Dyes,skip,non_data_row,,,,,,,
895,,,,,Tier 3 Dyes,skip,non_data_row,,,,,,,
896,,,,,Tier 3 Dyes,skip,non_data_row,,,,,,,
897,,,,,Tier 3 Dyes,skip,non_data_row,,,,,,,
898,,,,,Tier 3 Dyes,skip,non_data_row,,,,,,,
899,,,,,Tier 3 Dyes,skip,non_data_row,,,,,,,
900,,,,,Tier 3 Dyes,skip,non_data_row,,,,,,,
901,,,,,Tier 3 Dyes,skip,non_data_row,,,,,,,
902,,,,,Tier 3 Dyes,skip,non_data_row,,,,,,,
903,,,,,Tier 3 Dyes,skip,non_data_row,,,,,,,
904,,,,,Tier 3 Dyes,skip,non_data_row,,,,,,,
905,,,,,Tier 3 Dyes,skip,non_data_row,,,,,,,
906,,,,,Tier 3 Dyes,skip,non_data_row,,,,,,,
907,,,,,Tier 3 Dyes,skip,non_data_row,,,,,,,
908,,,,,Tier 3 Dyes,skip,non_data_row,,,,,,,
909,,,,,Tier 3 Dyes,skip,non_data_row,,,,,,,
910,,,,,Tier 3 Dyes,skip,non_data_row,,,,,,,
911,,,,,Tier 3 Dyes,skip,non_data_row,,,,,,,
912,,,,,Tier 3 Dyes,skip,non_data_row,,,,,,,
913,,,,,Tier 3 Dyes,skip,non_data_row,,,,,,,
914,,,,,Tier 3 Dyes,skip,non_data_row,,,,,,,
915,,,,,Tier 3 Dyes,skip,non_data_row,,,,,,,
916,,,,,Tier 3 Dyes,skip,non_data_row,,,,,,,
917,,,,,Tier 3 Dyes,skip,non_data_row,,,,,,,
918,,,,,Tier 3 Dyes,skip,non_data_row,,,,,,,
919,,,,,Tier 3 Dyes,skip,non_data_row,,,,,,,
920,,,,,Tier 3 Dyes,skip,non_data_row,,,,,,,
921,,,,,Tier 3 Dyes,skip,non_data_row,,,,,,,
922,,,,,Tier 3 Dyes,skip,non_data_row,,,,,,,
923,,,,,Tier 3 Dyes,skip,non_data_row,,,,,,,
924,,,,,Tier 3 Dyes,skip,non_data_row,,,,,,,
925,,,,,Tier 3 Dyes,skip,non_data_row,,,,,,,
926,,,,,Tier 3 Dyes,skip,non_data_row,,,,,,,
927,,,,,Tier 3 Dyes,skip,non_data_row,,,,,,,
928,,,,,Tier 3 Dyes,skip,non_data_row,,,,,,,
929,,,,,Tier 3 Dyes,skip,non_data_row,,,,,,,
930,,,,,Tier 3 Dyes,skip,non_data_row,,,,,,,
931,,,,,Tier 3 Dyes,skip,non_data_row,,,,,,,
932,,,,,Tier 3 Dyes,skip,non_data_row,,,,,,,
933,,,,,Tier 3 Dyes,skip,non_data_row,,,,,,,
934,,,,,Tier 3 Dyes,skip,non_data_row,,,,,,,
935,,,,,Tier 3 Dyes,skip,non_data_row,,,,,,,
936,,,,,Tier 3 Dyes,skip,non_data_row,,,,,,,
937,,,,,Tier 3 Dyes,skip,non_data_row,,,,,,,
938,,,,,Tier 3 Dyes,skip,non_data_row,,,,,,,
939,,,,,Tier 3 Dyes,skip,non_data_row,,,,,,,
940,,,,,Tier 3 Dyes,skip,non_data_row,,,,,,,
941,,,,,Tier 3 Dyes,skip,non_data_row,,,,,,,
942,,,,,Tier 3 Dyes,skip,non_data_row,,,,,,,
943,,,,,Tier 3 Dyes,skip,non_data_row,,,,,,,
944,,,,,Tier 3 Dyes,skip,non_data_row,,,,,,,
945,,,,,Tier 3 Dyes,skip,non_data_row,,,,,,,
946,,,,,Tier 3 Dyes,skip,non_data_row,,,,,,,
947,,,,,Tier 3 Dyes,skip,non_data_row,,,,,,,
